host_response_time,host_response_rate,host_is_superhost,host_verifications,host_has_profile_pic,host_identity_verified,property_type,room_type,has_availability,instant_bookable,host_listings_count,host_total_listings_count,accommodates,bathrooms,bedrooms,beds,minimum_nights,maximum_nights,minimum_nights_avg_ntm,maximum_nights_avg_ntm,availability_30,availability_60,availability_90,availability_365,number_of_reviews_ltm,number_of_reviews_l30d
0,1,0,1.0,1,1,1,1,1,0,1.0,1.0,0,2.0,2,2.0,3.0,700,3.0,700.0,1,17,17,89,21.0,1
1,1,1,,1,1,0,1,1,0,2.0,2.0,0,1.0,1,1.0,2.0,730,2.0,1125.0,0,25,53,290,15.6,5
1,0,1,1.0,1,1,1,1,1,0,22.0,38.0,0,1.5,1,2.0,3.0,1125,5.1,1125.0,1,44,74,340,3.0,1
1,1,1,1.0,1,0,0,1,1,1,2.0,2.0,0,1.0,1,1.0,3.0,3,3.0,3.0,0,39,69,249,6.0,0
1,1,1,1.0,1,1,1,1,1,0,2.0,2.0,1,2.0,3,3.0,3.0,31,3.0,31.0,0,33,63,335,41.0,2
0,1,0,1.0,1,1,1,1,1,0,1.0,1.0,0,1.0,2,2.0,9.4,180,10.2,180.0,0,0,0,101,2.0,0
0,1,1,1.0,1,1,0,1,1,0,1.0,2.0,0,1.0,1,2.0,2.0,1125,2.0,1125.0,0,32,62,87,24.0,1
1,1,1,1.0,1,1,1,1,1,0,1.0,3.0,0,1.0,2,2.0,30.0,1125,30.0,1125.0,1,59,89,303,4.0,1
1,1,1,1.0,1,1,0,1,1,0,2.0,2.0,0,1.0,1,2.0,2.0,1125,2.0,1125.0,1,52,82,347,42.0,4
1,1,0,1.0,1,1,0,1,1,0,3.0,3.0,0,1.0,1,2.0,3.0,120,3.0,1125.0,1,29,59,215,17.0,2
0,0,0,1.0,1,1,1,1,1,0,2.0,9.0,0,2.0,4,3.0,30.0,180,30.0,180.0,0,38,62,62,0.0,0
1,1,1,1.0,1,1,0,1,1,0,2.0,2.0,1,1.6,5,2.3,7.0,120,7.0,120.0,1,53,83,358,0.0,0
0,0,0,1.0,1,0,1,1,1,0,1.0,1.0,1,2.5,4,4.0,30.0,1125,30.0,1125.0,1,60,90,345,2.0,0
1,1,0,1.0,1,1,0,1,1,0,1.0,2.0,0,2.0,2,2.0,30.0,1125,30.0,1125.0,1,57,87,362,0.0,0
1,1,1,1.0,1,1,0,1,1,0,1.0,1.0,0,1.0,1,3.0,2.0,1125,2.0,1125.0,1,57,87,355,28.0,0
1,1,1,1.0,1,1,0,1,1,1,2.0,2.0,0,1.0,1,2.0,3.0,99,3.0,99.0,0,37,67,67,34.0,2
1,1,1,1.0,1,1,0,1,1,1,4.0,11.0,0,1.0,1,1.0,2.0,35,9.1,1125.0,1,32,32,36,3.0,0
1,1,1,1.0,1,1,1,1,1,1,3.0,3.0,0,1.5,2,3.0,3.0,180,3.0,180.0,0,0,0,50,2.0,0
0,1,0,1.0,1,1,0,1,1,0,1.0,1.0,1,2.5,3,3.0,30.0,1125,30.0,1125.0,1,54,84,290,1.0,0
1,1,0,1.0,1,1,1,1,1,1,3.0,3.0,1,2.0,4,2.3,2.0,31,3.3,1125.0,1,26,44,245,25.0,2
1,1,1,1.0,1,1,0,1,1,1,1.0,1.0,0,1.0,1,2.0,3.0,1125,3.0,1125.0,1,27,57,295,26.0,1
1,1,0,1.0,1,1,0,1,1,0,1.0,1.0,1,2.0,2,2.3,3.0,1125,3.0,1125.0,1,33,61,194,7.0,1
1,1,1,1.0,1,1,0,1,1,1,2.0,2.0,0,1.0,2,3.0,1.0,1125,1.6,1125.0,1,41,71,334,15.6,2
1,1,1,,1,1,0,1,1,1,1.0,1.0,0,1.0,2,2.0,3.0,1125,3.0,1125.0,0,8,29,282,29.0,3
1,1,0,1.0,1,1,1,1,1,1,1.0,1.0,1,2.0,3,4.0,2.0,1125,2.0,1125.0,1,32,62,152,32.0,1
0,0,0,1.0,1,1,1,1,1,0,2.0,7.0,0,2.0,3,2.0,27.0,60,27.0,1125.0,1,60,90,90,0.0,0
1,1,1,1.0,1,1,0,1,1,0,1.0,1.0,0,1.0,1,1.0,1.0,1125,1.0,1125.0,0,40,61,151,53.0,4
1,1,0,1.0,1,1,0,0,1,0,5.0,5.0,1,2.5,1,2.0,1.0,1125,1.0,600.2,1,59,89,172,37.0,2
1,1,0,1.0,1,1,0,0,1,0,5.0,5.0,0,2.5,1,1.0,1.0,365,1.0,198.7,1,41,71,151,25.0,3
1,1,0,1.0,1,1,0,1,1,0,1.0,1.0,0,1.0,2,2.0,30.0,90,30.0,90.0,1,59,89,362,2.0,1
1,1,0,1.0,1,1,0,0,1,1,5.0,5.0,0,2.5,1,4.0,1.0,1125,1.0,610.1,1,60,90,170,48.0,2
1,1,0,1.0,1,1,0,0,1,1,5.0,5.0,0,2.5,1,3.0,1.0,1125,1.0,610.1,1,60,90,170,13.0,2
0,1,1,1.0,1,0,1,1,1,0,3.0,4.0,0,2.0,3,3.0,28.0,1125,28.0,1125.0,1,52,82,262,0.0,0
1,1,0,1.0,1,1,1,1,1,1,1.0,2.0,0,1.0,2,2.0,3.0,1125,3.0,1125.0,1,41,71,154,2.0,0
1,1,1,,1,1,1,1,1,0,2.0,2.0,0,1.0,2,2.0,1.0,30,2.1,843.1,1,43,73,249,34.0,2
1,1,0,1.0,1,1,0,0,1,0,5.0,5.0,0,2.5,1,1.0,1.0,365,1.0,198.7,1,45,72,150,17.0,2
1,1,1,1.0,1,1,0,1,1,0,1.0,1.0,0,1.0,1,1.0,2.0,14,2.0,1125.0,1,39,69,325,52.0,3
1,0,1,1.0,1,1,1,1,1,0,22.0,38.0,0,1.0,0,1.0,4.0,1125,5.4,1125.0,1,60,90,360,11.0,0
1,1,1,1.0,1,0,1,1,1,0,2.0,3.0,1,2.5,3,2.3,30.0,1125,30.0,1125.0,1,41,65,310,0.0,0
1,1,0,1.0,1,1,0,1,1,0,16.0,19.0,1,1.0,3,4.0,2.0,60,2.0,1125.0,1,43,61,303,25.0,2
0,0,0,0.0,1,1,1,1,1,1,1.0,1.0,1,1.0,2,4.0,27.0,27,27.0,27.0,1,59,89,364,0.0,0
1,1,1,1.0,1,1,1,1,1,1,2.0,3.0,0,1.0,1,2.0,1.0,14,1.0,14.0,1,44,74,341,67.0,5
0,1,0,1.0,1,1,0,1,1,0,1.0,1.0,0,1.0,2,2.0,3.0,730,3.0,730.0,0,6,36,259,22.0,1
0,1,0,1.0,1,1,1,1,1,0,1.0,1.0,1,3.5,5,2.3,3.0,10,3.0,10.0,0,8,8,8,1.0,0
1,1,1,,1,1,1,1,1,0,1.0,1.0,1,2.0,4,2.3,2.0,365,2.0,1125.0,1,36,60,233,27.0,0
1,1,1,1.0,1,1,0,1,1,1,3.0,3.0,1,2.0,3,2.3,2.0,1125,2.0,1125.0,0,36,66,316,15.0,0
0,0,0,1.0,1,1,0,0,1,0,1.0,1.0,0,1.0,1,1.0,30.0,180,30.0,180.0,1,60,90,365,1.0,0
0,1,0,1.0,1,1,0,1,1,0,1.0,3.0,0,1.0,1,2.0,3.0,60,3.0,60.0,0,19,49,49,5.0,1
1,0,1,,1,1,0,1,1,1,6.1,8.6,0,1.0,1,2.0,30.0,365,30.0,1125.0,1,56,86,361,3.0,0
0,1,1,1.0,1,1,0,1,1,0,1.0,1.0,1,2.0,2,3.0,3.0,365,3.0,365.0,1,48,78,185,27.0,1
1,1,1,1.0,1,1,0,1,1,1,5.0,5.0,0,1.0,1,2.0,2.0,1125,2.5,1125.0,1,48,78,346,15.0,0
0,1,1,1.0,1,1,0,0,1,1,1.0,1.0,0,1.0,1,1.0,30.0,180,30.0,1125.0,1,60,84,146,4.0,0
1,1,1,1.0,1,1,0,1,1,0,1.0,2.0,1,2.5,3,4.0,1.0,1125,1.0,1125.0,1,36,62,303,36.0,1
1,1,1,1.0,1,1,0,1,1,1,4.0,4.0,1,2.0,3,3.0,3.0,1125,2.5,1125.0,1,35,43,267,16.0,2
1,1,1,0.0,1,1,0,1,1,0,1.0,2.0,0,1.0,2,2.0,1.0,7,1.0,1125.0,1,44,74,164,48.0,0
1,1,1,1.0,1,1,1,1,1,1,5.0,5.0,1,2.5,3,4.0,2.0,1125,2.5,1125.0,0,0,0,181,10.0,0
1,1,1,1.0,1,0,0,1,1,0,2.0,2.0,0,1.0,1,1.0,30.0,1125,30.0,1125.0,0,39,69,344,1.0,0
1,0,1,,1,1,0,1,1,1,6.1,8.6,0,2.0,2,3.0,3.0,365,2.2,1125.0,1,39,39,95,4.0,0
1,1,1,1.0,1,1,0,1,1,0,1.0,1.0,0,1.0,1,1.0,3.0,14,3.0,1125.0,1,50,70,314,12.0,1
0,1,0,1.0,1,1,0,1,1,0,2.0,3.0,0,1.0,1,2.0,30.0,1125,30.0,1125.0,0,7,37,217,3.0,1
1,0,1,,1,1,0,1,1,1,6.1,8.6,0,2.0,3,4.0,30.0,365,30.0,1125.0,0,3,27,225,0.0,0
0,0,0,1.0,1,1,0,1,1,0,3.0,4.0,0,1.0,2,2.0,1.0,8,1.0,1125.0,0,43,73,73,15.6,5
1,1,0,1.0,1,1,0,1,1,0,16.0,19.0,1,1.0,3,4.0,2.0,30,2.0,1125.0,1,35,50,290,28.0,3
0,1,1,1.0,1,1,1,1,1,0,1.0,1.0,1,2.0,3,4.0,30.0,125,30.0,125.0,1,47,77,243,2.0,0
1,1,1,1.0,1,1,0,1,1,0,1.0,2.0,1,1.0,2,4.0,1.0,1125,1.0,1125.0,1,55,85,353,52.0,0
1,0,1,,1,1,0,1,1,1,6.1,8.6,0,1.0,1,2.0,30.0,365,30.0,1125.0,0,16,46,321,2.0,0
0,0,0,1.0,1,1,1,1,1,0,3.0,4.0,1,1.0,2,2.0,1.0,7,1.0,1125.0,1,35,65,65,15.6,5
1,1,0,1.0,1,1,0,0,1,1,5.0,5.0,0,1.0,1,1.0,1.0,1125,1.0,1125.0,1,53,80,316,29.0,0
1,1,1,1.0,1,1,0,0,1,0,1.0,1.0,0,1.0,1,1.0,1.0,21,1.0,1125.0,1,39,69,69,15.6,1
1,1,1,1.0,1,1,0,1,1,1,5.0,5.0,1,2.0,3,3.0,2.0,1125,2.4,1125.0,0,0,0,187,3.0,0
1,1,1,,1,0,0,1,1,1,1.0,2.0,0,1.0,1,2.0,2.0,730,2.0,730.0,0,27,43,128,15.6,1
0,0,0,1.0,1,1,0,1,1,0,1.0,1.0,0,1.0,1,3.0,1.0,1125,1.0,1125.0,0,40,63,146,46.0,4
1,1,1,,1,1,0,1,1,0,1.0,1.0,0,1.0,1,1.0,2.0,14,2.0,14.0,0,9,26,108,30.0,2
1,1,1,1.0,1,1,1,1,1,1,1.0,1.0,1,2.5,3,3.0,1.0,1125,1.0,1125.0,1,35,65,288,15.6,1
1,0,1,1.0,1,1,0,1,1,1,6.1,8.6,1,2.5,3,4.0,1.0,1125,2.3,425.7,1,35,51,228,8.0,1
1,0,1,1.0,1,1,1,1,1,1,6.1,8.6,0,3.0,4,2.3,1.0,1125,1.8,661.5,1,25,43,151,5.0,1
1,0,1,1.0,1,1,0,1,1,1,6.1,8.6,1,2.0,2,3.0,1.0,1125,2.7,169.5,1,38,68,321,7.0,0
1,0,1,1.0,1,1,0,1,1,1,6.1,8.6,1,2.5,3,4.0,1.0,1125,2.5,319.4,1,29,45,273,4.0,0
1,0,1,1.0,1,1,0,1,1,1,6.1,8.6,1,3.5,4,2.3,1.0,1125,2.8,156.8,1,38,59,322,7.0,0
1,0,1,1.0,1,1,0,1,1,1,6.1,8.6,1,2.1,2,2.6,1.0,1125,2.2,449.2,1,49,61,223,3.0,1
1,0,1,1.0,1,1,1,1,1,1,6.1,8.6,1,2.5,3,4.0,1.0,1125,2.9,85.2,1,49,74,344,6.0,1
1,1,1,1.0,1,1,0,1,1,1,2.0,2.0,0,1.0,2,2.0,2.0,1125,2.0,1125.0,1,50,75,279,58.0,2
1,0,1,1.0,1,1,1,1,1,0,22.0,38.0,1,2.0,3,4.0,3.0,1125,5.2,1125.0,1,53,83,308,3.0,0
1,1,1,,1,1,0,1,1,0,7.0,10.0,0,1.0,2,2.0,1.0,360,2.1,1125.0,1,37,48,315,40.0,1
1,1,1,1.0,1,0,0,0,1,0,2.0,3.0,0,1.0,1,2.0,1.0,9,1.0,9.0,0,12,12,12,15.6,4
0,0,0,1.0,1,1,0,1,1,0,3.0,4.0,1,1.0,2,2.0,1.0,7,1.0,1125.0,1,42,72,72,15.6,1
1,1,1,1.0,1,1,1,1,1,1,5.0,5.0,0,1.5,2,2.0,2.0,1125,2.6,1125.0,0,0,0,183,6.0,1
1,0,0,1.0,1,0,0,1,1,1,6.1,8.6,0,1.0,2,2.0,28.0,1125,28.0,1125.0,0,39,69,344,5.0,1
1,1,0,,1,1,0,1,1,0,1.0,3.0,1,1.6,4,3.0,3.0,1125,3.0,1125.0,0,23,53,281,2.0,0
1,0,1,1.0,1,1,1,1,1,0,22.0,38.0,1,1.0,2,3.0,3.0,1125,4.7,1125.0,1,50,80,303,3.0,0
1,0,1,1.0,1,1,1,1,1,0,22.0,38.0,1,2.5,2,4.0,4.0,1125,6.4,1125.0,0,0,0,138,1.0,0
1,1,1,1.0,1,1,1,1,1,0,1.0,1.0,0,1.0,1,1.0,1.0,30,1.0,1125.0,0,10,10,98,42.0,5
1,1,1,,1,1,0,1,1,0,1.0,1.0,1,2.0,3,2.3,3.0,140,3.0,1125.0,1,54,84,122,19.0,1
1,0,0,1.0,1,0,0,1,1,1,6.1,8.6,1,3.5,4,4.0,4.0,1125,4.0,1125.0,1,33,51,287,7.0,1
1,0,1,1.0,1,1,0,1,1,0,22.0,38.0,1,2.5,3,4.0,2.0,1125,4.9,1125.0,1,32,62,268,11.0,0
1,1,1,1.0,1,0,1,1,1,0,2.0,3.0,1,3.0,6,4.0,4.0,365,4.0,1125.0,0,16,16,16,0.0,0
1,1,1,1.0,1,1,0,1,1,1,2.0,2.0,0,1.0,2,2.0,3.0,180,3.0,1125.0,1,42,72,72,26.0,2
1,1,1,1.0,1,1,1,1,1,1,5.0,5.0,1,2.5,3,4.0,2.0,1125,2.6,1125.0,1,43,66,328,15.0,1
0,0,0,1.0,1,1,0,1,1,0,1.0,1.0,0,1.0,1,1.0,3.0,90,3.0,1107.2,0,31,61,124,24.0,1
1,1,1,1.0,1,1,0,1,1,1,4.0,11.0,0,1.0,1,1.0,28.0,180,28.0,180.0,1,59,89,364,5.0,0
1,1,0,,1,1,0,1,1,1,1.0,1.0,0,1.0,2,2.0,2.0,30,3.1,1125.0,1,54,84,359,4.0,1
1,1,1,0.0,1,0,1,1,1,0,1.0,1.0,0,1.0,0,3.0,31.0,1125,29.0,1125.0,1,59,89,269,3.0,0
1,1,0,0.0,1,1,1,1,1,1,1.0,4.0,1,2.0,4,2.3,30.0,1125,30.0,1125.0,1,60,90,365,2.0,0
0,0,0,1.0,1,1,0,0,1,0,2.0,7.0,0,1.0,1,1.0,31.0,60,31.0,1125.0,1,60,90,90,0.0,0
1,0,0,1.0,1,0,0,1,1,1,6.1,8.6,0,3.5,3,4.0,28.0,1125,28.0,1125.0,0,0,0,193,1.0,0
0,0,0,1.0,1,0,1,1,1,0,1.0,1.0,1,2.1,3,2.6,30.0,180,30.0,1125.0,1,55,81,188,0.0,0
1,1,0,1.0,1,1,0,1,1,0,1.0,1.0,0,2.1,2,2.6,30.0,60,30.0,60.0,0,0,0,5,1.0,0
1,1,1,1.0,1,1,0,0,1,0,7.0,7.0,0,1.0,1,1.0,1.0,21,1.0,1125.0,1,28,58,329,40.0,3
1,1,1,1.0,1,1,0,1,1,0,2.0,3.0,0,1.0,0,1.0,1.0,6,1.0,1125.0,1,39,63,145,15.6,4
0,0,0,1.0,1,0,0,1,1,1,1.0,1.0,1,2.1,3,2.6,30.0,1125,30.0,1125.0,0,0,0,0,1.0,0
0,0,0,1.0,1,0,0,1,1,0,1.0,1.0,0,1.5,1,1.0,4.0,1125,4.0,1125.0,1,43,73,333,0.0,0
1,1,1,,1,1,0,1,1,0,1.0,1.0,1,2.0,3,3.0,3.0,1125,2.7,1125.0,0,21,51,226,27.0,1
1,0,1,,1,1,0,1,1,1,6.1,8.6,0,2.0,2,2.0,2.0,365,2.2,1125.0,1,38,63,336,6.0,0
1,1,1,1.0,1,1,0,1,1,0,1.0,2.0,0,1.0,0,1.0,30.0,365,30.0,365.0,0,0,0,130,4.0,1
1,0,1,1.0,1,1,1,1,1,0,22.0,38.0,0,1.0,2,2.0,3.0,1125,5.1,1125.0,1,60,90,340,5.0,1
1,1,1,1.0,1,0,0,1,1,1,3.0,4.0,1,2.0,2,2.0,3.0,90,3.0,90.0,1,41,71,331,11.0,0
1,1,0,1.0,1,0,1,1,1,0,1.0,1.0,0,1.5,2,3.0,3.0,1125,3.0,1125.0,1,59,89,269,2.0,1
1,1,1,1.0,1,1,0,1,1,0,1.0,1.0,0,1.0,1,1.0,2.0,365,2.0,365.0,1,30,60,326,13.0,0
1,1,1,1.0,1,1,0,1,1,1,4.0,4.0,1,2.0,2,4.0,1.0,30,1.3,1125.0,1,54,84,355,49.0,2
0,0,0,1.0,1,1,1,1,1,1,1.0,1.0,1,2.5,3,3.0,3.0,120,3.0,1125.0,0,16,46,213,25.0,1
1,1,1,1.0,1,1,0,1,1,0,1.0,1.0,0,1.0,1,2.0,2.0,1125,2.0,1125.0,0,8,22,153,62.0,0
1,1,0,1.0,1,1,0,1,1,1,2.0,2.0,0,1.0,1,2.0,1.0,30,1.0,1125.0,1,46,76,349,66.0,3
1,0,1,1.0,1,1,1,1,1,0,22.0,38.0,1,2.0,3,2.3,3.0,1125,5.0,1125.0,1,53,83,346,5.0,1
1,1,0,1.0,1,1,0,0,1,0,1.0,1.0,0,1.0,1,1.0,3.0,125,3.0,125.0,0,0,13,235,3.0,1
1,1,1,1.0,1,0,0,0,1,0,1.0,1.0,0,1.0,1,1.0,1.0,10,1.0,10.0,1,31,61,61,55.0,5
1,1,0,1.0,1,1,0,1,1,1,2.0,2.0,0,1.0,1,2.0,1.0,30,1.0,30.0,1,50,80,341,58.0,2
0,0,0,1.0,1,1,1,1,1,1,3.0,23.0,0,2.1,2,2.6,30.0,45,30.0,45.0,1,26,26,26,0.0,0
1,1,1,1.0,1,1,0,1,1,1,3.0,3.0,0,1.0,0,2.0,2.0,1125,2.0,1125.0,1,40,70,160,60.0,5
0,1,0,1.0,1,0,0,1,1,1,1.0,1.0,1,2.0,2,4.0,30.0,45,30.0,1125.0,1,26,56,275,5.0,0
1,0,1,1.0,1,1,1,1,1,0,22.0,38.0,1,2.0,2,2.0,3.0,1125,5.0,1125.0,0,39,64,325,3.0,0
1,1,0,1.0,1,1,1,1,1,0,6.0,9.0,0,1.0,1,1.0,2.0,1125,1.1,1125.0,1,45,75,346,15.0,0
1,0,1,1.0,1,1,1,1,1,0,22.0,38.0,1,2.0,4,2.3,3.0,1125,5.1,1125.0,1,45,67,314,3.0,0
1,0,1,1.0,1,1,1,1,1,0,22.0,38.0,0,2.0,2,3.0,3.0,1125,5.3,1125.0,1,55,85,355,4.0,0
0,0,0,1.0,1,1,1,1,1,0,1.0,1.0,1,2.0,3,3.0,1.0,29,1.2,1125.0,0,30,60,60,31.0,3
0,0,1,1.0,1,1,1,1,1,0,1.0,1.0,0,1.0,1,2.0,3.0,1125,3.0,1125.0,1,57,87,237,12.0,0
1,1,1,1.0,1,1,0,1,1,0,9.0,13.0,1,1.0,3,4.0,30.0,1125,17.4,1125.0,0,0,0,162,45.0,0
0,1,0,1.0,1,1,0,1,1,0,1.0,1.0,0,2.5,2,2.0,2.0,1125,2.0,1125.0,1,40,40,108,7.0,1
1,1,1,1.0,1,1,1,1,1,1,7.0,9.0,1,1.5,3,4.0,2.0,1125,2.0,1125.0,1,29,59,330,29.0,0
1,1,1,1.0,1,1,1,1,1,0,2.0,2.0,1,1.0,3,3.0,3.0,100,3.0,1125.0,1,42,55,55,15.0,1
1,1,1,1.0,1,1,0,1,1,0,1.0,1.0,1,3.0,3,3.0,30.0,60,30.0,60.0,1,27,57,332,2.0,0
1,1,1,1.0,1,1,0,1,1,0,2.0,2.0,0,1.0,2,3.0,1.0,1125,1.0,1125.0,1,49,76,164,15.6,2
1,1,1,,1,1,0,1,1,0,17.0,19.0,0,1.0,1,2.0,2.0,1125,1.7,1125.0,0,31,48,323,27.0,4
1,0,0,1.0,1,0,0,1,1,1,6.1,8.6,0,2.0,2,2.0,2.0,1125,2.3,1125.0,0,31,58,326,2.0,1
0,0,0,,1,1,0,1,1,0,1.0,1.0,0,2.1,2,2.6,9.4,700,10.2,1125.0,1,60,90,90,23.0,0
1,0,1,,1,1,1,1,1,1,3.0,6.0,0,1.0,1,1.0,30.0,365,30.0,365.0,0,19,19,256,7.0,0
1,1,1,1.0,1,1,0,1,1,1,2.0,2.0,0,1.0,2,3.0,1.0,14,1.0,1125.0,1,35,65,325,15.6,1
0,0,1,1.0,1,1,0,1,1,0,1.0,1.0,0,2.1,2,2.6,3.0,1125,3.0,1125.0,0,0,0,0,4.0,0
1,1,1,1.0,1,0,0,1,1,0,2.0,2.0,0,1.0,1,1.0,2.0,1125,2.0,1125.0,0,27,57,147,50.0,5
1,0,1,1.0,1,1,1,1,1,0,22.0,38.0,0,1.6,6,2.3,3.0,1125,5.0,1125.0,1,25,53,236,4.0,1
1,0,1,1.0,1,1,0,1,1,0,22.0,38.0,0,2.0,2,2.0,4.0,1125,5.6,1125.0,1,53,83,351,1.0,0
1,0,1,1.0,1,1,1,1,1,0,22.0,38.0,1,2.0,2,3.0,4.0,1125,5.3,1125.0,1,39,69,209,2.0,0
1,1,1,1.0,1,1,0,1,1,0,1.0,1.0,0,1.0,1,1.0,2.0,1125,1.4,1125.0,0,3,33,123,46.0,4
1,1,1,,1,1,0,1,1,0,7.0,10.0,0,1.0,1,1.0,1.0,30,1.9,1125.0,1,19,19,19,24.0,1
1,1,1,,1,1,0,1,1,0,7.0,10.0,0,1.0,2,2.0,1.0,360,1.9,1125.0,1,18,18,18,9.0,1
1,1,0,1.0,1,1,1,1,1,0,6.0,9.0,0,2.5,4,2.3,30.0,1125,30.0,1125.0,1,59,89,106,4.0,0
1,1,0,,1,0,0,1,1,0,1.0,2.0,0,1.0,1,2.3,2.0,90,2.0,90.0,1,33,33,269,25.0,1
0,0,0,1.0,1,1,0,1,1,1,1.0,2.0,0,1.0,1,1.0,1.0,1125,1.0,1125.0,0,27,57,147,15.6,1
1,1,1,1.0,1,1,1,1,1,0,9.0,13.0,1,1.0,3,3.0,2.0,1125,23.7,1125.0,1,39,46,46,45.0,2
1,1,1,1.0,1,1,0,1,1,0,1.0,1.0,0,1.0,1,2.0,2.0,28,2.0,1125.0,1,38,68,118,58.0,2
1,1,1,0.0,1,0,0,1,1,1,1.0,1.0,0,1.0,1,2.0,2.0,1125,2.0,1125.0,0,33,61,261,61.0,1
1,1,1,1.0,1,1,0,1,1,0,1.0,1.0,0,1.0,1,1.0,2.0,15,2.0,1125.0,1,47,74,338,50.0,5
0,0,0,,1,1,1,1,1,0,1.0,1.0,1,2.1,4,2.6,30.0,90,30.0,90.0,1,53,83,173,0.0,0
0,0,0,1.0,1,1,1,1,1,1,3.0,23.0,1,2.1,3,2.6,30.0,65,30.0,65.0,0,0,0,0,1.0,0
1,1,1,,1,1,1,1,1,0,7.0,10.0,1,2.0,3,3.0,1.0,360,2.2,1125.0,1,31,53,236,28.0,2
1,1,1,1.0,1,1,0,1,1,0,3.0,4.0,0,1.0,1,2.0,30.0,180,30.0,1125.0,1,60,90,270,1.0,0
1,1,1,1.0,1,1,0,1,1,0,2.0,2.0,1,1.0,1,3.0,1.0,150,1.0,150.0,1,32,45,228,12.0,1
1,0,1,,1,1,0,1,1,1,6.1,8.6,0,1.0,1,2.0,1.0,365,2.2,1125.0,1,49,79,354,2.0,0
1,1,1,1.0,1,1,0,1,1,0,1.0,1.0,0,1.0,2,3.0,30.0,365,30.0,365.0,0,0,0,131,18.0,1
1,1,1,1.0,1,0,0,1,1,1,3.0,3.0,1,1.0,3,4.0,2.0,1125,1.3,1125.0,1,56,59,97,33.0,4
1,1,1,1.0,1,1,0,1,1,0,9.0,13.0,0,1.0,0,1.0,2.0,1125,2.0,1125.0,1,45,45,45,15.6,5
1,0,1,1.0,1,1,0,1,1,1,6.1,8.6,0,1.0,1,1.0,1.0,1125,1.1,1040.7,1,24,24,24,13.0,1
1,1,1,1.0,1,1,0,1,1,0,2.0,2.0,0,1.0,1,2.0,2.0,1125,2.0,1125.0,1,45,75,309,39.0,2
1,1,1,1.0,1,0,0,1,1,1,3.0,3.0,0,1.0,1,2.0,2.0,1125,1.3,1125.0,1,57,87,362,29.0,0
1,1,1,1.0,1,1,0,1,1,1,3.0,4.0,0,2.5,2,2.0,45.0,365,43.9,365.0,1,40,70,101,0.0,0
1,0,1,1.0,1,1,0,1,1,1,6.1,8.6,0,2.0,2,2.0,1.0,1125,1.2,1004.4,1,27,27,39,19.0,0
1,1,1,1.0,1,1,0,1,1,0,4.0,4.0,0,1.0,1,2.0,2.0,1125,2.0,1125.0,1,40,70,324,25.0,2
1,1,1,1.0,1,1,0,1,1,1,3.0,3.0,0,1.0,1,1.0,1.0,28,1.4,1125.0,1,55,85,199,60.0,3
1,1,1,1.0,1,1,0,1,1,1,3.0,3.0,0,1.0,1,1.0,1.0,28,1.3,1125.0,1,46,76,159,57.0,2
1,1,1,1.0,1,1,0,1,1,0,1.0,3.0,0,1.0,0,1.0,2.0,14,2.0,14.0,0,25,46,216,15.6,1
1,1,1,1.0,1,1,0,1,1,1,2.0,2.0,0,1.0,1,1.0,29.0,120,29.0,1125.0,1,51,52,52,2.0,0
1,1,0,1.0,1,1,0,1,1,1,10.0,12.0,0,2.0,2,2.0,2.0,365,2.3,1125.0,1,38,62,289,18.0,4
1,1,0,1.0,1,1,0,1,1,0,1.0,1.0,1,2.5,3,4.0,30.0,60,30.0,60.0,1,60,84,359,7.0,0
1,1,1,1.0,1,0,1,1,1,1,2.0,2.0,0,2.0,4,2.3,3.0,35,3.0,1125.0,1,30,60,314,33.0,4
1,1,1,1.0,1,1,0,1,1,0,1.0,1.0,0,1.0,1,1.0,2.0,1125,2.0,1125.0,1,48,68,149,41.0,5
1,1,1,1.0,1,0,1,1,1,0,1.0,1.0,0,2.0,2,2.0,2.0,30,2.0,1125.0,1,45,75,318,8.0,1
0,0,1,1.0,1,1,1,1,1,0,2.0,3.0,0,1.0,2,2.0,30.0,95,30.0,95.0,0,22,51,274,2.0,0
1,1,1,1.0,1,1,0,1,1,0,1.0,1.0,0,1.0,1,1.0,1.0,1125,2.0,1125.0,1,46,73,163,15.6,1
1,0,1,1.0,1,1,0,1,1,0,22.0,38.0,1,3.0,3,3.0,4.0,1125,5.3,1125.0,1,56,86,101,4.0,0
0,1,0,1.0,1,0,0,1,1,0,1.0,1.0,1,2.0,3,4.0,28.0,90,28.0,90.0,1,53,83,173,0.0,0
1,1,1,1.0,1,1,1,1,1,1,1.0,2.0,0,1.0,1,1.0,1.0,1125,1.0,1125.0,0,0,26,301,20.0,1
1,0,0,1.0,1,0,0,1,1,1,6.1,8.6,0,1.0,1,2.0,3.0,1125,3.0,1125.0,0,33,58,310,19.0,3
0,0,0,1.0,1,1,0,1,1,0,1.0,1.0,0,1.0,1,2.0,3.0,30,3.0,30.0,0,29,59,149,9.0,1
1,0,1,1.0,1,1,1,1,1,1,6.1,8.6,0,1.0,1,1.0,1.0,1125,3.0,62.2,1,55,85,360,12.0,1
1,0,1,1.0,1,1,1,1,1,1,6.1,8.6,1,2.0,3,3.0,1.0,1125,2.9,100.0,1,46,76,336,8.0,1
1,1,1,0.0,1,0,0,1,1,1,1.0,1.0,1,2.5,3,3.0,2.0,90,2.0,1125.0,1,37,67,157,26.0,2
1,0,1,1.0,1,0,0,1,1,0,1.0,1.0,1,2.5,3,2.0,1.0,1125,1.0,1125.0,0,0,0,18,52.0,0
1,1,1,1.0,1,1,0,1,1,1,4.0,4.0,0,1.0,1,2.0,1.0,1125,1.0,1125.0,1,35,56,281,54.0,1
1,0,1,1.0,1,1,0,1,1,1,6.1,8.6,1,3.5,3,3.0,1.0,1125,2.8,177.5,1,40,62,323,14.0,0
1,1,1,1.0,1,1,1,1,1,1,4.0,4.0,0,2.0,2,2.0,3.0,1125,2.9,1125.0,1,46,48,79,7.0,0
1,1,1,1.0,1,1,0,1,1,0,2.0,2.0,0,1.0,2,4.0,2.0,30,2.0,30.0,1,44,71,230,48.0,4
1,1,1,1.0,1,1,0,1,1,0,2.0,2.0,0,1.0,1,3.0,28.0,365,28.0,1125.0,0,2,32,307,7.0,0
1,0,1,1.0,1,1,1,1,1,1,6.1,8.6,1,2.0,3,3.0,1.0,1125,1.0,1125.0,0,1,1,1,4.0,1
1,0,1,1.0,1,1,1,1,1,0,22.0,38.0,1,2.0,3,3.0,3.0,1125,5.0,1125.0,1,26,26,206,4.0,1
1,1,1,1.0,1,1,0,1,1,1,2.0,2.0,0,2.1,1,2.6,1.0,14,1.0,14.0,0,0,0,0,6.0,0
1,1,1,1.0,1,1,0,1,1,1,1.0,1.0,0,1.0,1,2.0,2.0,60,3.0,1125.0,0,10,10,10,17.0,3
0,1,0,1.0,1,1,1,1,1,0,1.0,3.0,0,2.0,3,3.0,27.0,730,27.0,730.0,1,58,84,206,1.0,0
0,0,0,0.0,1,1,0,1,1,0,2.0,2.0,0,1.0,1,2.0,2.0,31,2.0,1125.0,1,52,82,255,27.0,2
1,1,1,1.0,1,1,0,1,1,0,4.0,5.0,1,2.5,3,4.0,2.0,730,2.0,730.0,0,27,45,45,6.0,0
1,1,1,1.0,1,1,1,1,1,0,2.0,2.0,0,1.0,1,2.0,1.0,1125,1.6,1125.0,1,56,83,355,15.6,5
1,1,1,1.0,1,1,0,1,1,1,1.0,1.0,0,1.0,1,1.0,3.0,20,3.0,1125.0,0,21,51,104,58.0,4
1,0,1,1.0,1,1,1,1,1,0,22.0,38.0,1,3.0,4,4.0,3.0,1125,5.3,1125.0,1,32,54,244,5.0,0
1,1,1,1.0,1,1,0,1,1,0,1.0,1.0,0,1.0,1,2.0,28.0,1125,22.7,1125.0,0,18,18,262,29.0,0
1,1,1,1.0,1,0,0,1,1,1,1.0,1.0,0,1.0,1,2.3,2.0,28,2.0,1125.0,1,53,83,83,12.0,1
1,1,1,1.0,1,1,0,1,1,0,1.0,1.0,0,2.5,2,2.0,1.0,30,10.1,1125.0,0,20,50,216,15.0,1
1,1,0,1.0,1,0,0,1,1,1,2.0,2.0,0,1.0,1,1.0,30.0,60,30.0,60.0,0,2,2,144,4.0,0
1,1,0,1.0,1,1,0,1,1,0,1.0,2.0,0,1.0,1,2.0,2.0,21,2.0,21.0,1,44,69,322,30.0,2
1,1,0,1.0,1,1,0,1,1,0,3.0,3.0,0,1.0,1,1.0,5.0,99,5.0,99.0,1,18,18,18,7.0,1
1,1,1,1.0,1,1,1,1,1,0,1.0,1.0,1,2.5,3,2.3,3.0,60,3.0,1125.0,0,11,40,77,22.0,2
1,1,0,1.0,1,0,0,1,1,0,1.0,2.0,0,1.0,1,1.0,2.0,365,2.0,365.0,0,0,0,93,20.0,2
1,1,1,0.0,1,0,0,1,1,0,1.0,2.0,1,1.0,2,4.0,1.0,14,1.0,1125.0,0,0,0,74,30.0,0
1,0,1,1.0,1,1,0,1,1,1,6.1,8.6,0,2.0,2,3.0,1.0,1125,19.2,447.5,1,21,31,244,0.0,0
1,0,1,1.0,1,1,1,1,1,1,6.1,8.6,1,2.5,3,4.0,1.0,1125,25.1,226.8,1,59,89,333,0.0,0
1,0,1,1.0,1,1,0,1,1,1,6.1,8.6,0,1.5,1,1.0,1.0,1125,19.4,439.8,0,45,52,289,0.0,0
1,0,1,1.0,1,1,0,1,1,1,6.1,8.6,1,3.0,3,4.0,27.0,1125,29.1,375.6,1,34,64,308,1.0,0
1,0,1,1.0,1,1,0,1,1,1,6.1,8.6,0,2.5,2,2.0,27.0,1125,28.1,727.8,0,0,0,158,1.0,0
1,0,1,1.0,1,1,0,1,1,1,6.1,8.6,0,2.0,2,3.0,1.0,1125,1.3,1115.1,0,0,0,6,0.0,0
1,1,1,,1,1,0,1,1,1,14.0,22.0,0,1.0,2,2.0,2.0,45,5.8,1125.0,0,0,0,165,35.0,1
1,1,1,1.0,1,1,1,1,1,0,4.0,4.0,0,1.0,1,1.0,2.0,1125,2.1,1125.0,1,43,67,322,21.0,2
1,1,1,1.0,1,1,0,1,1,0,9.0,13.0,0,1.0,1,2.3,27.0,365,27.0,1125.0,1,60,90,112,1.0,0
0,1,0,,1,1,0,1,1,0,1.0,2.0,1,2.5,3,3.0,30.0,90,30.0,90.0,0,0,0,231,2.0,0
1,1,1,1.0,1,1,0,1,1,0,1.0,1.0,0,1.0,1,1.0,2.0,7,2.0,1125.0,1,29,50,131,30.0,4
0,0,0,1.0,1,1,0,1,1,1,3.0,23.0,1,1.0,2,3.0,30.0,65,30.0,182.4,1,59,89,325,0.0,0
1,1,1,1.0,1,1,0,1,1,1,3.0,4.0,0,1.0,2,2.0,3.0,180,4.6,1125.0,1,47,77,167,37.0,0
0,1,0,1.0,1,1,1,1,1,0,1.0,1.0,1,3.0,4,2.3,30.0,120,30.0,120.0,0,31,31,254,1.0,0
1,1,1,1.0,1,0,0,1,1,1,3.0,4.0,0,1.0,1,2.0,3.0,365,3.0,365.0,0,0,0,0,19.0,2
1,1,1,1.0,1,1,1,1,1,1,1.0,1.0,1,2.5,4,4.0,2.0,180,2.0,1125.0,0,17,17,125,8.0,2
0,0,1,1.0,1,1,0,1,1,1,1.0,2.0,1,2.1,3,2.6,1.0,3,1.0,1125.0,0,0,0,0,8.0,0
1,1,1,1.0,1,1,0,1,1,0,1.0,1.0,0,1.0,2,2.0,1.0,28,1.1,28.0,1,33,33,33,52.0,1
1,1,1,1.0,1,1,0,1,1,1,1.0,2.0,0,1.0,1,2.0,2.0,1125,2.0,1125.0,1,31,31,293,38.0,2
1,1,1,1.0,1,1,0,1,1,0,3.0,5.0,0,1.0,1,1.0,30.0,365,30.0,1125.0,1,60,90,328,5.0,0
1,1,1,,1,1,0,1,1,1,1.0,2.0,0,2.0,2,2.0,3.0,1125,3.0,1125.0,1,56,86,255,19.0,1
1,1,1,1.0,1,0,0,1,1,1,3.0,3.0,1,2.1,3,2.6,30.0,1125,30.0,1125.0,0,0,0,0,0.0,0
1,1,1,1.0,1,1,0,1,1,0,3.0,3.0,0,1.5,2,3.0,3.0,1125,3.0,1125.0,1,53,83,355,14.0,1
1,1,0,1.0,1,1,0,0,1,0,1.0,2.0,0,1.0,2,2.0,30.0,120,30.0,120.0,1,57,87,87,0.0,0
1,1,1,1.0,1,1,0,1,1,1,3.0,3.0,0,1.0,0,3.0,3.0,1125,3.0,1125.0,1,44,74,346,33.0,1
1,0,0,1.0,1,0,0,1,1,1,6.1,8.6,0,1.0,2,2.0,30.0,1125,30.0,1125.0,0,39,69,344,4.0,1
1,0,1,1.0,1,1,1,1,1,0,22.0,38.0,0,1.0,1,1.0,3.0,1125,5.4,1125.0,1,54,84,203,4.0,0
0,0,0,1.0,0,1,1,1,1,0,2.0,3.0,0,1.6,5,2.3,30.0,365,30.0,365.0,1,58,88,363,1.0,0
1,0,0,1.0,1,0,1,1,1,1,6.1,8.6,1,1.6,4,2.3,30.0,1125,30.0,1125.0,0,0,0,101,0.0,0
1,0,0,1.0,1,0,1,1,1,1,6.1,8.6,1,3.5,4,4.0,30.0,1125,30.0,1125.0,1,43,70,333,0.0,0
1,0,1,1.0,1,1,0,1,1,1,6.1,8.6,0,1.0,1,2.0,1.0,1125,2.9,62.5,1,56,83,358,8.0,0
0,0,0,1.0,1,0,0,1,1,1,1.0,1.0,0,1.0,1,2.3,30.0,365,30.0,1125.0,0,33,63,85,0.0,0
1,1,1,1.0,1,0,0,1,1,0,7.0,9.0,0,1.0,0,1.0,2.0,1125,2.0,1125.0,1,60,90,363,17.0,1
1,1,0,,1,1,1,1,1,1,7.0,9.0,0,1.0,2,3.0,30.0,1125,27.2,1125.0,0,36,66,341,1.0,0
1,0,1,1.0,1,1,0,1,1,1,6.1,8.6,0,1.0,1,1.0,1.0,1125,2.8,138.3,1,33,61,336,6.0,1
1,1,0,0.0,1,1,1,1,1,1,1.0,4.0,1,2.0,3,4.0,3.0,90,3.0,1125.0,1,31,31,124,18.0,2
1,1,1,1.0,1,0,0,1,1,0,1.0,1.0,1,2.0,2,3.0,2.0,1125,2.0,1125.0,0,31,48,224,39.0,3
1,1,1,1.0,1,0,0,1,1,0,7.0,9.0,0,1.0,1,1.0,2.0,730,2.0,730.0,1,53,83,355,26.0,0
1,1,1,0.0,1,1,0,1,1,1,1.0,1.0,0,2.1,2,2.6,3.0,31,3.0,1125.0,0,0,0,189,15.0,1
1,1,1,1.0,1,0,0,1,1,0,7.0,9.0,0,2.0,2,2.0,2.0,1125,2.0,1125.0,1,48,78,253,16.0,0
1,1,1,1.0,1,1,0,1,1,1,3.0,5.0,1,2.0,3,3.0,1.0,365,1.0,1125.0,1,36,64,326,39.0,3
0,0,0,1.0,1,1,0,1,1,1,1.0,1.0,0,1.0,1,1.0,30.0,90,30.0,1125.0,1,60,90,365,0.0,0
0,0,0,1.0,1,1,0,0,1,1,1.0,3.0,0,1.0,1,1.0,4.0,365,4.0,1125.0,1,60,90,365,0.0,0
1,1,1,1.0,1,1,0,1,1,0,1.0,1.0,1,1.5,2,3.0,3.0,28,3.0,28.0,1,55,85,253,19.0,2
1,1,1,,1,1,0,1,1,1,1.0,3.0,0,1.0,1,2.0,2.0,1125,2.0,1125.0,1,47,77,344,15.6,5
1,0,1,1.0,1,1,1,1,1,0,22.0,38.0,0,2.5,2,2.0,3.0,1125,5.1,1125.0,1,35,59,305,6.0,1
1,1,1,1.0,1,1,0,0,1,0,1.0,1.0,0,1.0,1,1.0,1.0,5,1.0,1125.0,0,0,0,127,43.0,2
1,1,1,1.0,1,1,0,1,1,0,3.0,4.0,0,2.0,2,2.0,30.0,1125,30.0,1125.0,1,35,35,139,1.0,0
1,1,1,1.0,1,1,0,1,1,0,1.0,1.0,1,2.5,3,2.0,30.0,1125,30.0,1125.0,1,55,85,360,7.0,1
1,1,0,1.0,1,1,0,1,1,0,2.0,2.0,1,2.0,3,3.0,3.0,30,3.0,30.0,1,44,74,329,8.0,0
0,0,0,1.0,1,1,0,1,1,0,2.0,3.0,0,1.0,1,1.0,1.0,30,1.4,1125.0,0,28,53,121,15.6,4
1,1,1,,1,1,0,1,1,1,32.0,46.0,0,1.0,2,2.0,2.0,365,3.0,1125.0,1,46,76,348,15.0,1
1,1,1,1.0,1,1,0,1,1,1,21.0,25.0,0,2.5,2,2.0,2.0,1125,30.0,1125.0,0,7,37,309,20.0,1
1,1,1,1.0,1,0,1,1,1,0,2.0,3.0,1,2.5,3,2.0,2.0,1125,2.0,1125.0,1,39,69,152,18.0,2
1,1,0,1.0,1,1,1,1,1,1,3.0,3.0,1,2.5,3,3.0,2.0,1125,13.8,1125.0,0,29,59,330,13.0,3
1,1,1,,1,1,0,1,1,0,1.0,1.0,1,3.0,3,3.0,30.0,365,30.0,365.0,1,60,90,286,4.0,0
1,1,0,1.0,1,1,1,1,1,0,1.0,1.0,1,2.0,3,3.0,30.0,365,30.0,365.0,1,59,89,364,1.0,0
1,0,1,,1,1,0,1,1,1,6.1,8.6,1,2.5,3,4.0,30.0,365,30.0,1125.0,0,19,49,324,0.0,0
1,1,1,1.0,1,1,1,1,1,0,3.0,3.0,0,2.5,2,2.0,2.0,1125,2.0,1125.0,0,3,3,51,14.0,0
0,0,0,1.0,1,1,1,1,1,0,1.0,1.0,1,2.0,3,3.0,2.0,14,2.0,14.0,0,0,0,148,7.0,0
1,1,0,1.0,1,1,0,1,1,0,1.0,1.0,1,2.5,3,2.0,30.0,90,30.0,90.0,1,59,89,234,2.0,0
0,0,0,,1,1,0,1,1,1,1.0,2.0,0,1.0,2,4.0,30.0,365,30.0,365.0,0,0,0,93,0.0,0
1,1,1,1.0,1,1,0,1,1,1,2.0,2.0,1,1.0,2,3.0,1.0,30,1.0,1125.0,1,41,71,71,15.6,4
1,1,1,1.0,1,1,0,1,1,0,1.0,2.0,0,1.0,2,2.0,1.0,365,1.0,1125.0,1,35,60,330,43.0,3
1,1,1,1.0,1,1,0,1,1,0,1.0,1.0,0,1.0,1,3.0,3.0,1125,3.0,1125.0,0,11,11,135,24.0,0
1,1,1,1.0,1,1,0,1,1,1,3.0,5.0,1,2.0,3,3.0,1.0,365,1.0,1125.0,1,38,68,327,14.0,2
1,1,0,1.0,1,1,0,1,1,1,1.0,1.0,1,2.5,3,4.0,2.0,31,2.0,1125.0,0,19,35,101,39.0,5
1,1,1,1.0,1,1,1,1,1,0,1.0,1.0,1,2.0,4,4.0,3.0,45,3.0,45.0,0,31,61,301,10.0,2
1,1,1,1.0,1,0,1,1,1,1,1.0,1.0,1,1.0,2,3.0,2.0,365,2.0,1125.0,1,33,63,331,27.0,3
1,1,1,1.0,1,1,0,1,1,0,2.0,2.0,1,1.0,1,3.0,2.0,30,2.0,1125.0,1,30,30,30,20.0,1
1,1,1,1.0,1,1,1,1,1,0,1.0,1.0,1,2.5,3,3.0,3.0,14,3.0,14.0,0,26,56,323,10.0,0
1,1,1,1.0,1,1,1,1,1,1,1.0,1.0,1,2.0,3,3.0,3.0,60,3.0,1125.0,0,27,57,313,28.0,1
1,1,0,1.0,1,1,0,0,1,0,9.0,14.0,0,1.5,1,1.0,27.0,120,27.0,1125.0,0,29,29,66,1.0,0
1,1,0,1.0,1,1,0,0,1,0,9.0,14.0,0,1.5,1,1.0,28.0,90,28.0,1125.0,1,49,60,150,2.0,0
0,0,0,1.0,1,0,0,1,1,0,1.0,1.0,0,1.0,2,2.0,2.0,365,2.0,365.0,1,57,87,356,38.0,3
1,1,0,,1,1,0,1,1,0,18.0,20.0,1,2.0,2,3.0,2.0,1125,2.0,1125.0,1,41,60,331,22.0,2
1,1,1,1.0,1,1,0,1,1,0,2.0,2.0,0,1.0,1,2.0,2.0,32,2.0,1125.0,0,0,0,97,20.0,2
0,0,0,1.0,1,1,0,1,1,0,1.0,1.0,0,1.0,1,1.0,30.0,365,30.0,1125.0,1,53,83,173,1.0,0
1,1,1,1.0,1,1,0,1,1,1,1.0,1.0,0,1.5,2,3.0,3.0,365,3.3,1125.0,0,30,60,60,33.0,4
1,1,1,1.0,1,1,1,1,1,1,2.0,6.0,1,2.5,3,3.0,30.0,365,30.0,365.0,0,37,60,60,0.0,0
1,0,1,1.0,1,1,0,1,1,1,6.1,8.6,1,3.5,3,3.0,1.0,1125,2.8,120.7,1,43,64,316,9.0,0
1,1,1,1.0,1,1,1,1,1,1,6.0,7.0,1,2.1,4,2.6,2.0,365,2.0,365.0,0,0,0,0,9.0,0
1,1,1,1.0,1,0,0,1,1,0,1.0,2.0,0,1.0,2,2.0,3.0,1125,2.4,1125.0,0,16,39,129,19.0,0
1,1,1,,1,1,0,1,1,0,1.0,3.0,0,1.0,1,2.0,2.0,730,2.0,730.0,0,32,59,315,49.0,2
1,1,1,1.0,1,1,0,1,1,1,1.0,1.0,1,2.0,2,3.0,1.0,365,4.1,1125.0,1,53,83,352,17.0,2
1,1,1,1.0,1,1,0,1,1,0,1.0,1.0,0,1.0,1,2.0,2.0,1125,2.0,1125.0,1,42,72,344,49.0,0
1,1,1,1.0,1,0,0,1,1,0,1.0,1.0,0,1.0,1,1.0,2.0,120,2.0,1125.0,1,42,64,154,45.0,2
0,1,1,0.0,1,1,0,1,1,0,2.0,3.0,1,2.5,2,3.0,30.0,1125,30.0,1125.0,1,55,56,146,1.0,1
1,1,1,1.0,1,1,0,1,1,1,1.0,1.0,0,1.0,1,1.0,1.0,365,1.3,1125.0,1,51,81,356,45.0,1
1,1,1,1.0,1,1,1,1,1,1,2.0,2.0,1,1.0,2,3.0,1.0,365,1.0,365.0,1,40,70,340,55.0,5
1,1,1,1.0,1,1,1,1,1,1,2.0,2.0,1,2.0,5,2.3,1.0,365,1.0,365.0,1,49,77,332,38.0,4
1,1,0,1.0,1,1,0,1,1,0,1.0,1.0,1,1.0,3,3.0,1.0,1125,1.0,1125.0,1,33,62,331,18.0,0
1,1,1,1.0,1,1,0,1,1,1,4.0,4.0,0,1.0,1,1.0,1.0,365,1.0,1125.0,0,31,46,300,61.0,5
1,1,1,1.0,1,1,1,1,1,0,1.0,1.0,1,2.0,3,4.0,2.0,28,2.0,1125.0,1,36,66,318,29.0,1
1,1,1,1.0,1,1,0,0,1,0,1.0,4.0,0,1.0,1,1.0,1.0,1125,1.1,1125.0,1,43,70,88,15.6,4
1,0,1,1.0,1,1,0,1,1,1,6.1,8.6,0,1.0,1,1.0,1.0,1125,3.0,48.5,1,59,89,364,10.0,1
1,1,0,1.0,1,1,1,1,1,1,1.0,1.0,1,2.0,3,2.3,3.0,1125,1.0,1125.0,1,39,69,341,28.0,1
0,1,0,1.0,1,1,1,1,1,0,1.0,2.0,0,1.0,1,1.0,30.0,365,30.0,365.0,0,32,62,248,1.0,1
1,1,0,1.0,1,1,0,1,1,1,6.1,8.6,1,1.0,2,2.0,2.0,1125,2.7,71.1,1,45,75,350,15.0,1
1,1,0,1.0,1,1,0,1,1,1,10.0,12.0,1,2.1,3,2.6,3.0,28,3.2,1125.0,0,11,11,11,17.0,0
1,1,0,,1,1,0,1,1,0,18.0,20.0,1,2.0,2,4.0,30.0,365,30.0,1125.0,1,60,90,365,0.0,0
1,0,1,0.0,1,0,0,1,1,1,1.0,1.0,1,2.5,3,4.0,2.0,1125,2.0,1125.0,0,27,57,323,38.0,2
1,1,1,,1,1,1,1,1,0,1.0,1.0,0,2.0,2,2.0,2.0,30,2.0,1125.0,0,15,15,109,12.0,1
1,0,0,1.0,1,0,0,1,1,1,6.1,8.6,0,1.0,1,1.0,2.0,1125,2.1,1125.0,0,19,26,288,12.0,0
1,1,1,1.0,1,1,0,1,1,1,3.0,4.0,0,1.0,2,2.0,28.0,60,4.8,1125.0,0,39,69,159,18.0,1
1,1,0,1.0,1,0,0,1,1,0,2.0,2.0,1,2.0,2,3.0,1.0,730,2.0,1125.0,1,43,73,343,19.0,1
1,1,1,1.0,1,1,0,1,1,0,1.0,1.0,1,2.5,3,4.0,1.0,1125,1.0,1125.0,0,28,48,258,65.0,1
1,1,0,1.0,1,1,1,1,1,1,6.1,8.6,0,1.0,1,1.0,2.0,1125,2.7,93.9,1,48,72,347,23.0,4
1,0,1,1.0,1,1,0,1,1,1,6.1,8.6,0,2.0,2,3.0,1.0,1125,2.6,225.1,1,37,67,294,19.0,2
1,1,1,1.0,1,1,0,1,1,1,15.0,28.0,0,1.0,1,2.0,2.0,365,2.0,365.0,1,57,87,358,48.0,5
1,1,1,1.0,1,1,0,1,1,0,9.0,13.0,0,1.0,0,1.0,2.0,365,2.0,1125.0,1,46,70,70,47.0,2
1,0,1,,1,1,0,1,1,1,6.1,8.6,0,1.0,1,2.0,1.0,365,2.2,1125.0,1,46,76,351,7.0,0
1,1,1,,1,1,0,1,1,1,32.0,46.0,1,2.0,2,3.0,3.0,365,2.9,1125.0,1,57,85,85,13.0,0
1,1,1,1.0,1,1,0,1,1,1,1.0,1.0,1,1.5,2,2.0,2.0,365,2.0,1125.0,0,12,42,314,13.0,0
1,1,1,1.0,1,1,0,0,1,0,1.0,1.0,0,1.0,1,1.0,1.0,27,1.0,1125.0,0,5,5,5,27.0,1
1,1,1,,1,1,0,1,1,0,17.0,19.0,1,2.0,3,3.0,2.0,1125,1.7,1125.0,0,38,68,339,10.0,2
1,1,1,1.0,1,1,0,1,1,0,1.0,1.0,0,1.0,1,1.0,3.0,30,3.0,1125.0,0,6,6,6,34.0,1
1,1,1,1.0,1,1,0,1,1,1,1.0,1.0,0,1.0,2,2.0,2.0,30,3.2,1125.0,0,44,64,150,37.0,3
1,1,1,1.0,1,1,1,1,1,0,6.0,11.0,0,1.0,2,2.0,2.0,14,2.1,14.0,0,38,38,38,17.0,2
0,0,0,0.0,1,1,0,1,1,0,2.0,2.0,0,1.0,1,2.0,2.0,30,2.0,1125.0,1,60,75,239,23.0,3
1,1,0,1.0,1,1,0,0,1,0,4.0,4.0,0,2.1,1,2.6,2.0,90,2.0,1125.0,1,33,33,33,10.0,2
1,1,0,1.0,1,1,0,1,1,0,4.0,4.0,1,2.1,5,2.6,5.0,90,5.0,1125.0,0,0,0,0,0.0,0
1,1,1,1.0,1,1,1,1,1,1,10.0,10.0,1,1.5,3,4.0,2.0,80,2.0,1125.0,1,42,68,326,49.0,4
1,1,0,1.0,1,1,1,1,1,0,2.0,3.0,0,2.5,2,2.0,28.0,185,28.0,185.0,1,59,89,269,2.0,1
1,0,1,1.0,1,1,1,1,1,1,6.1,8.6,1,1.0,3,3.0,1.0,1125,1.7,710.3,1,36,63,137,9.0,1
1,1,1,1.0,1,1,0,1,1,1,1.0,1.0,0,1.0,1,1.0,2.0,365,2.0,365.0,0,26,47,256,16.0,3
0,0,0,1.0,1,0,1,1,1,1,1.0,1.0,1,3.5,5,2.3,9.4,365,10.2,1125.0,1,60,90,365,0.0,0
1,1,0,1.0,1,1,0,1,1,0,2.0,3.0,0,2.0,2,2.0,30.0,60,30.0,60.0,1,60,90,365,0.0,0
1,1,1,1.0,1,1,1,1,1,0,1.0,1.0,1,2.0,3,3.0,2.0,1125,2.0,1125.0,1,27,37,98,61.0,2
1,1,0,1.0,1,1,1,1,1,0,11.0,16.0,1,2.0,3,4.0,4.0,365,4.0,365.0,1,60,90,256,5.0,0
1,1,1,1.0,1,1,1,1,1,0,15.0,21.0,1,2.0,3,3.0,29.0,60,29.0,1125.0,0,0,0,172,8.0,0
1,1,0,1.0,1,1,0,1,1,0,11.0,16.0,1,1.0,3,4.0,30.0,365,30.0,365.0,0,0,7,187,1.0,0
1,1,1,1.0,1,0,0,1,1,1,1.0,1.0,0,1.0,1,2.0,3.0,30,3.0,1125.0,1,43,73,340,22.0,1
1,1,1,1.0,1,1,1,1,1,1,15.0,28.0,1,2.1,4,2.6,30.0,365,30.0,365.0,0,0,0,0,3.0,0
1,1,1,1.0,1,1,1,1,1,0,1.0,1.0,1,2.5,3,3.0,29.0,180,29.0,180.0,0,0,6,127,5.0,1
1,1,1,1.0,1,1,0,1,1,0,1.0,1.0,0,1.0,1,1.0,1.0,10,1.0,10.0,1,46,71,161,15.6,3
1,1,1,1.0,1,1,0,1,1,1,1.0,1.0,1,1.0,3,4.0,1.0,90,1.0,1125.0,1,37,67,151,28.0,4
1,0,1,,1,1,1,1,1,1,3.0,6.0,0,2.0,2,2.0,3.0,365,3.0,365.0,1,48,78,345,16.0,1
1,1,0,1.0,1,0,0,1,1,0,5.0,6.0,0,1.0,1,1.0,2.0,1125,2.0,1125.0,1,38,38,38,47.0,3
0,0,0,0.0,1,1,1,1,1,0,1.0,1.0,0,2.1,2,2.6,30.0,365,30.0,365.0,1,59,89,364,0.0,0
1,1,0,1.0,1,1,0,0,1,0,4.0,4.0,0,2.1,1,2.6,2.0,90,2.0,1125.0,1,39,69,112,13.0,1
1,1,0,1.0,1,1,0,0,1,0,4.0,4.0,0,2.1,2,2.6,2.0,90,2.0,1125.0,1,37,61,61,3.0,0
0,1,1,1.0,1,0,1,1,1,0,1.0,1.0,1,2.0,4,4.0,3.0,60,3.0,60.0,0,12,42,289,20.0,1
1,1,0,,1,1,0,1,1,0,18.0,20.0,1,2.0,2,3.0,1.0,365,2.0,1125.0,1,46,76,347,44.0,4
1,1,0,,1,1,0,1,1,0,18.0,20.0,1,2.0,2,4.0,1.0,365,2.0,1125.0,0,37,62,328,44.0,2
1,1,0,,1,1,0,1,1,0,18.0,20.0,1,2.0,2,3.0,1.0,365,2.0,1125.0,1,48,75,346,35.0,4
1,1,0,,1,1,0,1,1,0,18.0,20.0,1,2.0,2,4.0,1.0,365,2.0,1125.0,0,28,58,326,53.0,1
1,1,0,1.0,1,1,0,1,1,0,1.0,1.0,1,1.0,1,3.0,3.0,365,3.0,365.0,1,49,79,354,6.0,1
1,1,1,1.0,1,0,1,1,1,1,3.0,3.0,1,2.5,3,4.0,28.0,365,28.0,1125.0,0,0,0,94,7.0,0
1,1,1,1.0,1,1,0,0,1,0,2.0,2.0,0,1.0,1,1.0,1.0,7,1.0,7.0,0,0,0,131,28.0,0
1,1,0,1.0,1,1,1,1,1,0,17.0,17.0,1,2.5,3,2.3,1.0,365,2.0,1125.0,0,20,37,286,37.0,1
1,1,0,1.0,1,1,1,1,1,0,17.0,17.0,1,2.5,3,2.3,1.0,365,2.0,1125.0,0,29,43,287,27.0,0
1,1,0,1.0,1,1,1,1,1,0,17.0,17.0,0,1.6,6,2.3,1.0,365,2.5,1125.0,0,16,30,274,16.0,2
1,0,1,,1,1,1,1,1,1,6.1,8.6,1,2.5,4,2.3,1.0,365,2.6,1125.0,0,31,61,333,2.0,0
0,1,0,1.0,1,1,1,1,1,0,2.0,2.0,1,2.5,3,3.0,2.0,14,2.0,14.0,0,17,17,88,5.0,0
1,0,0,1.0,1,0,0,1,1,1,6.1,8.6,1,2.5,3,2.3,30.0,1125,30.0,1125.0,0,18,48,304,2.0,0
1,1,1,1.0,1,1,0,1,1,1,17.0,17.0,0,1.0,2,2.0,2.0,28,2.0,1125.0,1,55,85,358,4.0,0
1,1,0,,1,1,1,1,1,1,4.0,9.0,1,1.0,2,4.0,2.0,30,1.0,1125.0,1,43,69,251,24.0,1
0,1,1,1.0,1,1,1,1,1,0,1.0,2.0,0,3.0,6,2.3,1.0,1125,1.0,1125.0,1,41,71,330,34.0,4
0,1,0,1.0,1,1,1,1,1,0,1.0,1.0,1,2.5,3,3.0,30.0,1125,30.0,1125.0,1,59,89,334,1.0,0
1,1,0,1.0,1,1,0,1,1,0,2.0,2.0,0,2.0,2,2.0,3.0,365,4.0,365.0,1,60,90,322,4.0,0
1,1,1,1.0,1,1,1,1,1,1,15.0,28.0,0,1.0,2,2.0,2.0,365,2.0,365.0,0,12,12,12,15.0,1
1,1,0,,1,1,0,1,1,0,18.0,20.0,1,2.0,2,3.0,1.0,180,2.0,1125.0,1,49,79,349,58.0,1
1,1,0,,1,1,0,1,1,0,18.0,20.0,1,2.0,2,3.0,1.0,180,2.0,1125.0,1,49,79,351,44.0,3
1,1,0,,1,1,0,1,1,0,18.0,20.0,1,2.0,2,3.0,1.0,180,2.0,1125.0,1,50,67,331,54.0,3
1,1,0,,1,1,0,1,1,0,18.0,20.0,1,2.0,2,3.0,1.0,180,2.0,1125.0,1,40,48,309,40.0,5
1,1,1,1.0,0,1,1,1,1,0,1.0,1.0,0,1.5,2,2.0,30.0,124,30.0,124.0,0,8,32,254,2.0,0
0,0,0,1.0,1,1,1,1,1,0,1.0,1.0,1,2.5,3,4.0,1.0,1125,3.0,1125.0,0,0,0,54,12.0,0
1,1,0,1.0,1,1,1,1,1,1,6.1,8.6,1,2.1,2,2.6,2.0,1125,2.4,595.9,1,60,90,365,2.0,0
1,1,1,1.0,1,1,0,1,1,0,1.0,3.0,0,2.5,3,3.0,2.0,24,1.9,24.0,1,36,66,96,29.0,2
1,1,1,,1,1,0,1,1,1,32.0,46.0,0,1.0,2,2.0,2.0,365,3.1,365.0,1,56,86,358,18.0,1
1,1,1,1.0,1,1,0,1,1,1,2.0,2.0,0,1.0,1,1.0,1.0,365,1.0,365.0,0,34,59,59,15.6,4
1,1,1,,1,1,1,1,1,0,17.0,19.0,1,1.6,3,3.0,2.0,28,1.7,28.0,0,32,37,103,14.0,2
1,1,1,1.0,1,1,0,1,1,1,4.0,4.0,0,1.0,1,1.0,1.0,365,1.0,1125.0,1,38,61,330,53.0,4
1,1,1,,1,1,0,1,1,0,6.0,6.0,0,2.1,1,2.6,2.0,29,2.0,29.0,0,0,0,0,28.0,0
1,1,1,1.0,1,1,1,1,1,1,17.0,17.0,1,3.0,3,3.0,2.0,30,2.0,1125.0,1,49,72,316,10.0,2
0,1,0,1.0,1,1,1,1,1,0,2.0,2.0,1,3.5,4,2.3,30.0,365,30.0,365.0,0,25,49,179,3.0,1
1,1,1,1.0,1,1,1,1,1,0,2.0,2.0,0,1.0,2,2.0,3.0,1125,3.0,1125.0,0,22,43,293,49.0,3
1,1,1,1.0,1,1,1,1,1,1,1.0,5.0,1,2.0,3,3.0,2.0,365,2.0,365.0,1,48,78,348,5.0,1
1,1,1,1.0,1,1,0,1,1,1,17.0,17.0,0,2.5,2,2.0,30.0,365,30.0,365.0,0,0,0,133,0.0,0
1,1,1,1.0,1,0,0,1,1,0,1.0,1.0,0,1.0,1,1.0,2.0,730,2.0,730.0,1,49,79,142,31.0,1
0,0,0,1.0,0,1,1,1,1,0,3.0,5.0,1,3.0,3,1.0,60.0,365,60.0,365.0,1,53,83,154,0.0,0
0,0,1,1.0,0,1,0,1,1,0,1.0,2.0,1,3.0,3,3.0,30.0,365,30.0,365.0,0,14,14,266,1.0,0
1,1,1,1.0,1,1,0,1,1,0,1.0,1.0,1,1.0,2,3.0,3.0,365,3.0,1125.0,1,50,80,102,24.0,0
1,1,1,1.0,1,1,0,1,1,0,1.0,1.0,0,1.0,1,1.0,1.0,1125,1.0,1125.0,1,51,81,83,15.6,5
1,1,1,0.0,1,1,0,1,1,0,3.0,3.0,0,1.0,2,2.0,2.0,14,2.0,14.0,0,27,48,276,52.0,2
1,1,1,1.0,1,1,1,1,1,1,1.0,1.0,1,2.0,3,4.0,2.0,28,2.0,1125.0,0,22,52,130,40.0,2
1,1,0,1.0,1,0,0,0,1,0,5.0,6.0,0,1.0,1,1.0,2.0,31,2.0,31.0,1,16,16,16,15.0,0
1,1,1,1.0,1,1,0,1,1,1,1.0,3.0,0,2.0,2,2.0,1.0,1125,1.3,1125.0,0,20,50,278,17.0,1
1,1,1,,1,1,0,1,1,0,17.0,19.0,0,1.0,1,1.0,2.0,365,1.7,990.5,1,59,89,364,17.0,1
1,1,1,1.0,1,1,1,1,1,1,1.0,1.0,0,2.0,2,3.0,1.0,1125,1.0,1125.0,0,20,22,238,15.6,1
0,1,1,1.0,1,1,1,1,1,0,3.0,4.0,1,2.0,4,2.3,2.0,30,2.0,1125.0,0,0,0,166,13.0,0
1,1,0,,1,1,1,1,1,1,4.0,9.0,1,1.0,3,2.3,2.0,30,1.0,1125.0,1,42,66,277,14.0,0
1,1,0,,1,1,1,1,1,0,4.0,9.0,0,2.0,5,2.3,2.0,30,1.0,30.0,1,39,63,240,13.0,0
0,0,1,1.0,1,0,1,1,1,1,1.0,1.0,1,2.1,3,2.6,30.0,252,30.0,1125.0,0,0,0,0,6.0,0
1,1,1,1.0,1,1,0,1,1,0,1.0,1.0,0,1.0,1,1.0,3.0,60,3.0,1125.0,0,20,20,107,42.0,5
1,1,1,1.0,1,1,1,1,1,0,2.0,2.0,1,1.0,2,3.0,3.0,365,3.0,365.0,1,44,74,276,26.0,2
1,1,1,1.0,1,1,0,1,1,1,15.0,21.0,1,2.0,2,3.0,2.0,45,4.8,45.0,1,41,67,338,20.0,1
1,1,1,1.0,1,0,0,0,1,0,1.0,1.0,0,1.0,1,1.0,1.0,4,1.0,4.0,1,22,44,44,21.0,3
1,1,1,0.0,1,0,0,0,1,0,1.0,1.0,0,1.0,1,1.0,1.0,28,1.0,28.0,1,37,67,157,38.0,3
1,0,1,1.0,1,1,1,1,1,1,6.1,8.6,0,3.5,5,2.3,1.0,1125,2.7,208.2,1,39,59,303,15.0,1
1,1,0,,1,1,0,1,1,0,18.0,20.0,0,1.6,4,2.3,2.0,365,2.0,1125.0,1,43,60,324,8.0,0
0,0,0,1.0,1,1,1,1,1,0,3.0,6.0,0,1.0,2,2.0,2.0,365,1.3,365.0,1,40,66,330,30.0,0
1,1,1,1.0,1,1,0,0,1,1,5.0,5.0,0,1.0,2,3.0,1.0,365,1.0,380.7,1,31,57,272,9.0,1
1,1,1,1.0,1,1,0,0,1,1,5.0,5.0,0,2.1,1,2.6,1.0,365,1.0,380.7,1,54,84,351,2.0,1
1,1,1,1.0,1,1,0,0,1,1,5.0,5.0,0,1.0,1,1.0,1.0,365,1.0,380.7,1,54,84,348,46.0,1
1,1,1,1.0,1,1,0,0,1,1,5.0,5.0,0,2.1,1,2.6,1.0,365,1.0,380.7,1,51,81,348,45.0,1
1,1,0,1.0,1,1,1,1,1,0,3.0,3.0,1,2.1,3,2.6,4.0,30,4.0,1125.0,0,0,0,0,7.0,0
0,0,0,1.0,1,1,0,1,1,0,3.0,6.0,0,1.0,1,2.0,1.0,365,1.0,365.0,0,7,37,306,23.0,0
1,1,1,1.0,1,1,0,1,1,1,9.0,11.0,0,2.0,2,2.0,28.0,365,28.0,1125.0,0,30,40,245,0.0,0
1,0,1,1.0,1,1,1,1,1,1,6.1,8.6,1,2.0,3,3.0,1.0,1125,2.6,220.2,1,37,67,300,23.0,1
1,1,1,1.0,1,0,1,1,1,0,1.0,1.0,1,2.0,4,2.3,1.0,90,1.3,90.0,1,32,60,143,58.0,4
1,1,1,1.0,1,1,0,0,1,1,5.0,5.0,0,1.0,1,2.0,1.0,365,1.0,380.7,1,47,75,332,3.0,2
1,1,1,,1,1,0,1,1,0,17.0,19.0,0,1.0,1,1.0,2.0,365,1.8,365.0,0,25,38,200,14.0,0
1,1,1,,1,1,0,1,1,1,32.0,46.0,0,1.0,1,1.0,1.0,365,3.3,365.0,1,60,90,360,26.0,0
1,0,1,1.0,1,1,1,1,1,0,22.0,38.0,1,3.0,3,2.3,3.0,1125,5.1,1125.0,1,51,81,322,3.0,0
1,1,1,,1,1,0,1,1,1,32.0,46.0,1,2.0,2,3.0,2.0,365,2.9,365.0,1,36,66,339,21.0,1
1,1,1,,1,1,0,1,1,0,32.0,46.0,0,2.1,2,2.6,30.0,365,29.4,365.0,0,13,13,30,3.0,0
1,1,1,,1,1,0,1,1,1,7.0,10.0,0,3.0,2,2.0,1.0,365,2.0,1125.0,0,38,58,294,29.0,2
1,1,1,,1,1,0,1,1,0,17.0,19.0,0,1.0,1,2.0,1.0,30,1.7,30.0,1,60,90,365,24.0,1
1,1,0,1.0,1,1,0,0,1,1,5.0,5.0,0,1.0,1,1.0,1.0,1125,1.0,1125.0,0,0,4,238,33.0,1
1,1,0,1.0,1,1,0,0,1,1,5.0,5.0,0,1.0,1,1.0,1.0,1125,1.0,1125.0,1,41,62,298,33.0,1
1,1,1,1.0,1,1,0,1,1,1,15.0,21.0,1,1.6,4,2.3,2.0,45,4.2,1125.0,1,33,58,321,28.0,0
1,1,0,1.0,1,1,0,1,1,1,1.0,1.0,1,2.0,2,3.0,27.0,365,27.0,365.0,1,60,84,84,2.0,0
1,1,1,1.0,0,0,0,0,1,0,1.0,1.0,0,1.0,1,1.0,30.0,31,30.0,31.0,1,60,90,270,12.0,0
1,1,1,,1,1,1,1,1,1,17.0,19.0,1,1.6,3,3.0,2.0,365,1.7,365.0,1,37,56,269,12.0,0
1,1,1,1.0,1,1,0,1,1,1,1.0,1.0,0,2.0,2,2.0,3.0,28,3.0,1125.0,1,54,84,172,13.0,0
1,1,1,0.0,0,1,0,1,1,0,1.0,1.0,0,1.0,2,2.0,2.0,1125,2.0,1125.0,1,34,62,152,45.0,1
1,0,1,,1,1,0,1,1,1,6.1,8.6,1,3.0,3,4.0,30.0,365,30.0,365.0,0,30,31,241,1.0,0
1,0,1,,1,1,1,1,1,1,6.1,8.6,1,3.0,3,4.0,1.0,365,2.6,365.0,1,43,73,292,6.0,1
0,1,1,1.0,1,1,0,1,1,0,1.0,1.0,0,1.0,1,1.0,2.0,91,2.0,91.0,0,1,1,15,25.0,0
1,1,0,1.0,1,0,0,1,1,0,1.0,1.0,0,1.0,1,1.0,3.0,365,3.0,365.0,1,40,70,73,6.0,0
1,1,1,,1,1,0,1,1,1,32.0,46.0,0,1.0,2,2.0,2.0,365,3.0,365.0,1,55,85,357,18.0,0
1,1,1,,1,1,0,1,1,1,32.0,46.0,0,1.0,2,2.0,1.0,365,3.0,365.0,1,56,86,358,24.0,0
1,1,1,,1,1,0,1,1,1,32.0,46.0,0,2.0,2,2.0,1.0,365,3.7,365.0,0,12,12,247,12.0,0
1,1,1,1.0,1,1,1,1,1,1,17.0,17.0,1,2.0,3,4.0,2.0,28,2.0,28.0,1,41,68,322,14.0,1
1,1,1,,1,1,0,1,1,0,32.0,46.0,0,1.5,2,2.0,30.0,365,29.4,365.0,1,54,84,105,0.0,0
1,1,1,,1,1,0,1,1,1,32.0,46.0,0,1.0,1,1.0,2.0,365,3.3,365.0,1,60,90,365,22.0,1
1,0,0,1.0,1,1,1,1,1,1,1.0,1.0,1,2.5,2,2.0,30.0,365,2.0,365.0,1,27,44,180,5.0,0
1,1,1,,1,1,0,1,1,1,32.0,46.0,0,2.0,2,2.0,1.0,365,3.6,365.0,1,47,77,349,21.0,0
1,1,1,1.0,1,1,1,1,1,0,4.0,5.0,1,1.6,4,2.3,2.0,365,3.3,365.0,1,51,69,223,26.0,0
1,1,1,,1,1,1,1,1,0,17.0,19.0,0,3.0,4,2.3,30.0,365,30.0,365.0,0,0,0,155,3.0,0
1,1,1,1.0,1,1,0,1,1,1,17.0,17.0,0,1.0,1,2.0,1.0,365,2.0,365.0,1,41,68,329,6.0,0
1,1,1,1.0,1,1,1,1,1,1,17.0,17.0,1,3.0,4,2.3,1.0,365,2.0,365.0,1,41,68,322,12.0,0
0,0,0,1.0,1,1,1,1,1,0,1.0,2.0,0,2.1,3,2.6,29.0,36,28.0,36.0,0,0,0,0,2.0,0
0,1,1,1.0,1,1,1,1,1,0,2.0,2.0,1,2.5,3,2.3,30.0,365,30.0,365.0,1,52,82,260,5.0,1
1,1,0,1.0,1,1,0,1,1,0,1.0,1.0,0,1.0,1,1.0,1.0,365,1.0,365.0,1,60,90,270,31.0,1
1,1,1,1.0,1,1,0,1,1,0,17.0,17.0,1,1.0,1,4.0,1.0,365,2.0,1125.0,1,48,71,326,52.0,5
1,0,1,1.0,1,1,0,1,1,1,6.1,8.6,0,2.1,2,2.6,1.0,1125,25.6,209.7,0,6,36,311,0.0,0
1,0,1,1.0,1,1,1,1,1,1,6.1,8.6,0,2.0,2,2.0,1.0,1125,11.8,722.7,1,54,84,167,0.0,0
1,0,1,1.0,1,1,0,1,1,1,6.1,8.6,0,1.0,1,2.0,1.0,1125,27.6,135.3,0,29,59,334,0.0,0
1,0,1,1.0,1,1,0,1,1,1,6.1,8.6,0,2.0,2,2.0,1.0,1125,28.5,100.6,0,38,68,343,0.0,0
1,0,1,1.0,1,1,0,1,1,1,6.1,8.6,1,3.5,3,3.0,1.0,1125,23.0,306.0,1,29,52,297,1.0,1
1,0,1,1.0,1,1,0,1,1,1,6.1,8.6,0,2.0,2,2.0,1.0,1125,11.6,729.5,0,39,65,240,0.0,0
1,0,1,1.0,1,1,0,1,1,1,6.1,8.6,1,2.5,3,4.0,1.0,1125,21.3,368.0,0,43,67,288,0.0,0
1,0,1,1.0,1,1,0,1,1,1,6.1,8.6,0,2.5,2,3.0,1.0,1125,16.2,558.8,1,59,60,251,0.0,0
1,0,1,1.0,1,1,1,1,1,1,6.1,8.6,1,3.5,4,2.3,1.0,1125,29.9,48.5,1,59,89,364,0.0,0
1,0,1,1.0,1,1,0,1,1,1,6.1,8.6,1,2.0,3,4.0,1.0,1125,1.0,1125.0,0,0,0,0,0.0,0
1,1,0,1.0,1,1,1,1,1,0,3.0,3.0,1,2.0,2,3.0,4.0,60,4.0,1125.0,0,0,0,29,1.0,0
1,0,1,,1,1,0,1,1,1,3.0,6.0,0,1.0,1,1.0,30.0,365,30.0,365.0,0,3,33,301,0.0,0
1,1,1,1.0,1,1,0,1,1,1,3.0,3.0,0,1.5,1,1.0,3.0,365,3.0,1125.0,1,60,90,353,20.0,2
1,1,0,1.0,1,1,1,1,1,0,2.0,2.0,0,2.0,2,2.0,3.0,365,3.0,365.0,0,3,3,98,22.0,1
0,1,1,1.0,1,1,1,1,1,0,2.0,2.0,1,2.5,3,2.3,30.0,365,30.0,365.0,0,0,6,249,2.0,0
1,0,0,1.0,1,0,0,1,1,1,6.1,8.6,0,1.6,4,2.3,3.0,1125,3.0,1125.0,1,28,51,263,6.0,1
1,1,1,1.0,1,1,0,1,1,0,17.0,17.0,1,2.0,2,4.0,1.0,365,2.0,1125.0,1,40,68,328,61.0,1
1,1,1,1.0,1,1,0,1,1,0,17.0,17.0,1,2.0,2,4.0,1.0,365,2.0,1125.0,1,38,65,320,52.0,2
1,1,1,1.0,1,1,0,1,1,0,1.0,1.0,1,1.0,2,3.0,2.0,183,2.0,183.0,1,32,62,237,31.0,3
1,0,1,1.0,1,1,0,1,1,1,6.1,8.6,0,1.0,1,2.0,1.0,1125,2.7,163.8,1,37,51,299,11.0,2
1,1,1,1.0,1,1,0,1,1,0,1.0,1.0,0,1.0,1,1.0,2.0,30,2.0,30.0,1,36,66,154,32.0,2
1,1,0,,1,1,1,1,1,0,1.0,3.0,0,2.0,2,2.0,28.0,180,28.0,180.0,1,57,87,201,2.0,0
1,1,0,1.0,1,1,1,1,1,0,5.0,6.0,1,2.0,3,2.3,27.0,90,27.0,90.0,1,46,53,143,1.0,0
1,1,1,,1,1,1,1,1,1,17.0,19.0,0,1.0,1,1.0,1.0,120,1.7,120.0,0,0,0,0,14.0,3
1,1,0,0.0,1,1,1,1,1,1,1.0,1.0,1,2.0,3,2.3,2.0,365,2.0,365.0,1,54,84,262,0.0,0
1,1,1,1.0,1,1,1,1,1,1,17.0,17.0,1,2.1,3,2.6,2.0,90,2.0,90.0,1,42,72,248,11.0,1
1,1,1,1.0,1,1,1,1,1,0,15.0,28.0,0,1.5,2,2.0,27.0,365,27.0,365.0,1,51,51,273,0.0,0
1,1,0,1.0,1,1,1,1,1,0,5.0,5.0,1,1.0,3,3.0,1.0,1125,1.0,1125.0,0,0,0,120,4.0,0
1,1,0,1.0,1,1,1,1,1,0,5.0,5.0,0,1.0,1,2.3,1.0,365,1.0,365.0,0,0,0,20,0.0,0
1,1,0,1.0,1,1,1,1,1,1,1.0,2.0,0,1.0,1,1.0,3.0,365,3.0,365.0,0,14,14,20,7.0,1
0,1,1,0.0,1,1,0,1,1,0,2.0,5.0,0,1.0,2,1.0,30.0,120,30.0,120.0,0,0,0,37,2.0,0
0,0,0,,1,0,0,1,1,0,1.0,2.0,0,2.0,2,2.0,30.0,365,30.0,365.0,0,0,0,150,1.0,0
1,0,0,1.0,1,0,0,1,1,1,6.1,8.6,0,2.0,2,2.0,30.0,1125,30.0,1125.0,0,43,73,348,1.0,0
1,1,0,1.0,0,0,0,1,1,0,1.0,1.0,1,1.0,2,2.0,28.0,365,28.0,365.0,1,46,46,269,0.0,0
0,0,0,1.0,1,1,1,1,1,0,1.0,1.0,0,1.5,3,2.0,30.0,365,30.0,365.0,1,59,89,269,1.0,0
1,1,1,0.0,1,1,0,1,1,1,6.0,18.0,0,1.0,1,2.0,1.0,365,1.0,365.0,1,42,71,204,1.0,0
1,1,1,0.0,1,1,0,1,1,1,6.0,18.0,1,1.0,1,3.0,1.0,365,1.0,365.0,1,38,66,179,9.0,2
1,1,1,1.0,1,1,0,1,1,1,9.0,11.0,0,1.0,1,2.3,2.0,365,2.0,365.0,0,19,45,294,44.0,4
1,1,1,,1,1,0,1,1,0,32.0,46.0,0,1.0,1,1.0,3.0,365,3.0,365.0,1,21,21,21,7.0,1
1,1,1,,1,1,0,1,1,0,32.0,46.0,0,1.0,2,2.0,30.0,365,29.1,365.0,0,38,68,137,1.0,0
1,1,1,1.0,0,1,0,1,1,0,1.0,1.0,0,1.0,1,2.3,1.0,30,1.0,1125.0,1,37,67,236,4.0,0
1,1,0,1.0,1,0,0,1,1,0,1.0,1.0,0,2.5,2,3.0,2.0,14,2.0,1125.0,0,3,3,60,0.0,0
1,1,1,1.0,1,1,1,1,1,1,15.0,21.0,1,3.0,4,4.0,30.0,180,30.0,1125.0,0,0,0,183,0.0,0
0,0,0,1.0,1,1,1,1,1,0,2.0,2.0,0,2.1,2,2.6,30.0,365,30.0,365.0,1,59,89,179,0.0,0
0,0,0,1.0,1,1,0,1,1,0,2.0,2.0,0,1.0,1,1.0,30.0,365,30.0,365.0,1,60,90,365,0.0,0
1,1,1,1.0,1,1,0,1,1,1,2.0,3.0,0,1.0,1,2.0,1.0,365,1.0,365.0,1,40,70,156,42.0,4
0,1,1,1.0,1,0,1,1,1,0,3.0,4.0,0,2.5,3,3.0,28.0,365,28.0,365.0,1,58,88,178,1.0,0
1,1,0,1.0,1,0,1,1,1,0,1.0,1.0,1,2.0,4,3.0,30.0,300,30.0,300.0,0,0,0,161,0.0,0
1,0,1,1.0,1,1,1,1,1,0,22.0,38.0,0,1.0,2,2.0,3.0,1125,4.4,1125.0,0,35,65,291,4.0,0
0,0,0,1.0,1,1,1,1,0,0,1.0,2.0,1,3.5,3,2.3,60.0,365,60.0,365.0,1,59,89,269,0.0,0
0,1,0,1.0,1,1,1,1,0,0,2.0,2.0,1,2.0,3,3.0,28.0,90,28.0,90.0,0,24,48,159,0.0,0
1,0,1,1.0,1,1,1,1,1,1,6.1,8.6,1,2.5,6,3.0,1.0,1125,28.7,93.1,0,41,71,346,0.0,0
1,0,1,1.0,1,1,1,1,1,1,6.1,8.6,0,2.5,2,2.0,1.0,1125,2.7,189.9,1,30,60,319,7.0,1
0,0,0,1.0,0,1,0,1,1,0,2.0,2.0,0,2.0,2,2.0,30.0,365,30.0,365.0,1,59,89,89,0.0,0
0,0,0,1.0,0,1,0,1,1,0,2.0,2.0,0,2.0,2,2.0,30.0,365,30.0,365.0,1,59,89,89,0.0,0
1,1,1,,1,1,1,1,1,0,17.0,19.0,0,1.0,1,2.0,2.0,365,1.7,365.0,1,59,89,269,10.0,2
1,0,1,1.0,1,1,1,1,1,1,6.1,8.6,0,2.5,2,2.0,1.0,1125,28.9,88.2,1,55,85,360,0.0,0
1,1,0,1.0,1,1,0,0,1,0,9.0,14.0,0,1.0,2,2.0,28.0,120,28.0,1125.0,0,42,72,162,0.0,0
1,1,0,1.0,1,1,1,1,1,0,9.0,14.0,1,2.0,2,4.0,28.0,120,28.0,1125.0,0,42,72,162,0.0,0
1,1,0,1.0,1,1,0,0,1,0,9.0,14.0,0,1.0,1,2.0,28.0,90,28.0,1125.0,0,42,72,162,0.0,0
0,0,0,1.0,1,1,1,1,0,0,1.0,1.0,1,2.0,4,2.3,30.0,90,30.0,90.0,1,58,88,363,0.0,0
0,1,0,1.0,1,1,0,0,0,0,2.0,2.0,0,1.0,1,1.0,28.0,90,28.0,90.0,1,52,82,172,0.0,0
1,1,1,,1,1,1,1,1,1,2.0,2.0,1,2.0,3,3.0,28.0,365,28.0,365.0,0,0,0,0,0.0,0
1,1,1,1.0,1,1,0,1,1,0,1.0,1.0,0,1.0,1,2.0,1.0,365,1.0,365.0,1,52,82,311,20.0,3
1,1,1,,1,1,0,1,1,0,32.0,46.0,0,1.5,1,2.3,30.0,365,28.9,365.0,1,59,89,290,0.0,0
1,1,1,,1,1,0,1,1,0,32.0,46.0,0,1.5,2,2.0,30.0,365,29.1,365.0,0,7,37,120,1.0,1
1,1,1,,1,1,0,1,1,0,32.0,46.0,0,1.5,2,2.0,30.0,365,28.8,365.0,1,59,89,290,0.0,0
1,1,0,1.0,1,1,0,1,1,0,2.0,3.0,0,3.5,2,2.0,28.0,60,28.0,60.0,1,58,88,363,0.0,0
1,1,1,0.0,1,1,0,1,1,1,3.0,3.0,1,1.0,3,4.0,2.0,14,2.0,14.0,1,41,71,320,5.0,4
1,1,0,1.0,1,1,0,0,1,1,9.0,14.0,0,1.0,1,1.0,30.0,190,30.0,190.0,0,38,68,158,0.0,0
1,1,0,1.0,1,1,0,0,1,1,9.0,14.0,0,1.0,1,1.0,30.0,160,30.0,160.0,0,38,68,158,0.0,0
1,1,0,1.0,1,1,1,1,1,1,9.0,14.0,0,2.0,2,2.0,30.0,170,30.0,170.0,0,38,68,158,0.0,0
0,1,0,0.0,1,0,0,1,1,0,1.0,1.0,0,1.0,1,1.0,1.0,365,1.1,365.0,1,59,89,363,8.0,3
1,1,1,,1,1,0,1,1,0,32.0,46.0,0,1.0,1,2.3,30.0,365,28.8,365.0,1,59,89,233,0.0,0
1,1,1,1.0,1,1,0,1,1,0,3.0,4.0,0,1.0,1,1.0,1.0,28,3.8,28.0,1,60,90,254,3.0,2
0,0,0,1.0,1,1,0,0,0,0,2.0,2.0,0,1.0,1,1.0,30.0,90,30.0,90.0,0,38,68,343,0.0,0
0,0,0,1.0,1,1,1,1,0,0,2.0,2.0,0,2.0,3,3.0,28.0,120,28.0,120.0,0,38,68,234,0.0,0
1,1,1,,1,1,0,1,1,1,32.0,46.0,0,1.0,1,1.0,3.0,365,3.0,365.0,1,54,84,351,1.0,0
0,0,0,1.0,1,0,0,1,1,0,1.0,2.0,0,2.5,2,2.0,27.0,365,27.0,365.0,1,57,87,177,0.0,0
1,1,1,,1,1,0,1,1,0,32.0,46.0,0,2.0,2,2.0,30.0,365,28.4,365.0,1,59,89,295,0.0,0
1,1,1,1.0,1,1,1,1,1,1,15.0,28.0,0,2.0,2,2.0,2.0,365,2.0,365.0,1,39,69,236,5.0,4
1,1,1,,1,1,0,1,1,0,32.0,46.0,0,2.0,2,2.0,30.0,365,28.4,365.0,0,39,69,275,0.0,0
1,1,1,1.0,1,1,1,1,1,0,2.0,2.0,1,2.5,4,4.0,30.0,30,30.0,1125.0,0,7,37,312,0.0,0
0,0,0,1.0,1,0,0,1,0,0,1.0,2.0,0,1.0,1,1.0,9.4,730,10.2,730.0,1,58,88,363,0.0,0
1,1,1,,1,1,0,1,1,0,32.0,46.0,0,1.5,2,2.0,30.0,365,28.8,365.0,0,39,69,213,0.0,0
1,1,1,,1,1,0,1,1,0,32.0,46.0,0,2.0,2,2.0,30.0,365,28.2,365.0,1,59,89,330,0.0,0
1,1,1,0.0,1,1,0,1,1,1,6.0,18.0,0,1.0,1,2.0,1.0,365,2.3,365.0,1,57,81,81,0.0,0
1,1,1,0.0,1,1,0,1,1,1,6.0,18.0,0,1.0,1,2.0,1.0,365,3.5,365.0,1,57,81,81,0.0,0
1,1,1,0.0,1,1,0,1,1,1,6.0,18.0,1,1.0,1,3.0,1.0,365,2.2,365.0,1,46,70,70,0.0,0
1,1,1,0.0,1,1,0,1,1,1,6.0,18.0,1,1.0,1,3.0,1.0,365,3.4,365.0,1,46,70,70,0.0,0
1,1,1,,1,1,1,1,1,0,32.0,46.0,1,3.5,4,2.3,5.0,365,5.0,365.0,1,43,60,60,0.0,0
1,1,0,1.0,1,1,0,1,1,0,3.0,3.0,0,1.0,2,2.0,28.0,365,28.0,365.0,0,38,68,343,0.0,0
1,1,0,1.0,1,1,0,1,1,0,3.0,3.0,0,1.0,2,2.0,28.0,365,28.0,365.0,1,58,88,363,0.0,0
1,1,0,1.0,1,1,0,1,1,0,3.0,3.0,0,1.0,2,2.0,28.0,365,28.0,365.0,0,7,37,312,0.0,0
0,0,0,1.0,1,1,0,1,0,0,1.0,1.0,0,2.0,2,2.0,30.0,180,30.0,180.0,1,58,88,178,0.0,0
1,1,1,,1,1,1,1,1,0,7.0,10.0,0,2.0,1,1.0,1.0,180,1.0,1125.0,1,60,90,365,0.0,0
1,1,1,1.0,1,1,0,1,1,1,17.0,17.0,0,1.5,1,1.0,30.0,365,30.0,365.0,1,54,84,359,0.0,0
1,1,1,,1,1,1,1,1,1,7.0,10.0,1,1.6,4,4.0,1.0,180,1.0,180.0,1,31,53,301,0.0,0
0,0,0,1.0,1,0,0,1,1,1,1.0,1.0,0,1.0,1,1.0,1.0,365,1.0,365.0,1,59,89,360,0.0,0
